{
  "uma": {
    "reaction_001": {
      "path_max_idx": 5,
      "path_energies": [
        -4464.021174749479,
        -4462.355944713697,
        -4454.297204574689,
        -4428.7281919327825,
        -4371.221020301923,
        -4329.207592567548,
        -4401.2146344987,
        -4439.1948247758,
        -4455.539015373334,
        -4462.4318295327275,
        -4464.263665041074
      ],
      "ts_guess_energy": -4329.207592567548,
      "ts_result": {
        "converged": true,
        "final_energy": -4399.500149330243,
        "steps_taken": null,
        "optimized_atoms": 